customer_id,customer_name,order_count,total_spent
191664,Samuel Edwards,14,47721.46000000001
615215,Trevor Hayes,14,64620.70999999999
742056,Mary Evans,13,57782.09
840630,Carl Hall,13,56393.64
199181,Jonathan Hernandez,13,42782.829999999994
998800,Dennis Sanders,13,68241.02
540131,Michael Vaughn,13,40137.090000000004
94262,Brandon Castro,13,60315.88
730776,Robert Love,13,56800.06999999999
409993,Helen Reed,13,62662.869999999995
