vendor_id,vendor_name,items_sold,revenue
2,Gucci,994824,251558205.6300001
60,H&M,924031,238153595.98000163
4,Prada,836519,217057142.66999814
25,Calvin Klein,823078,208676358.8599965
24,Ralph Lauren,817410,206286178.5499994
59,Zara,747853,191598708.05000028
26,Tommy Hilfiger,727131,184595095.93999907
291,L'Oréal Paris,716594,182383695.3799989
258,Dior,705540,181596343.08000097
5,Chanel,637139,161725048.359999
