{"vendor_id":2,"vendor_name":"Gucci","items_sold":994824,"revenue":251558205.6300001144}
{"vendor_id":60,"vendor_name":"H&M","items_sold":924031,"revenue":238153595.9800016284}
{"vendor_id":4,"vendor_name":"Prada","items_sold":836519,"revenue":217057142.6699981391}
{"vendor_id":25,"vendor_name":"Calvin Klein","items_sold":823078,"revenue":208676358.8599964976}
{"vendor_id":24,"vendor_name":"Ralph Lauren","items_sold":817410,"revenue":206286178.5499993861}
{"vendor_id":59,"vendor_name":"Zara","items_sold":747853,"revenue":191598708.0500002801}
{"vendor_id":26,"vendor_name":"Tommy Hilfiger","items_sold":727131,"revenue":184595095.9399990737}
{"vendor_id":291,"vendor_name":"L'Or\u00e9al Paris","items_sold":716594,"revenue":182383695.3799988925}
{"vendor_id":258,"vendor_name":"Dior","items_sold":705540,"revenue":181596343.0800009668}
{"vendor_id":5,"vendor_name":"Chanel","items_sold":637139,"revenue":161725048.359999001}
